,index,precision,recall,f1-score,support
0,No-revenue,0.917793204238217,0.9683885890516577,0.9424123053836053,2594.0
1,Revenue,0.7630057803468208,0.5398773006134969,0.6323353293413174,489.0
2,accuracy,0.9004216672072657,0.9004216672072657,0.9004216672072657,0.9004216672072657
3,macro avg,0.8403994922925189,0.7541329448325773,0.7873738173624614,3083.0
4,weighted avg,0.8932421013245314,0.9004216672072657,0.8932304561183835,3083.0
