,index,precision,recall,f1-score,support
0,No-revenue,0.9427450980392157,0.9267540478026214,0.9346811819595645,2594.0
1,Revenue,0.6435272045028143,0.7014314928425358,0.6712328767123289,489.0
2,accuracy,0.8910152448913397,0.8910152448913397,0.8910152448913397,0.8910152448913397
3,macro avg,0.793136151271015,0.8140927703225787,0.8029570293359467,3083.0
4,weighted avg,0.8952856267647104,0.8910152448913397,0.8928951873874277,3083.0
