,index,precision,recall,f1-score,support
0,No-revenue,0.9187408491947291,0.9676175790285274,0.9425460007510327,2594.0
1,Revenue,0.7606837606837606,0.5460122699386503,0.6357142857142857,489.0
2,accuracy,0.90074602659747,0.90074602659747,0.90074602659747,0.90074602659747
3,macro avg,0.8397123049392449,0.7568149244835889,0.7891301432326592,3083.0
4,weighted avg,0.8936711390805988,0.90074602659747,0.8938788879865276,3083.0
